,y,Value
0,y1,"tf.Tensor(0.022799942822569537, shape=(), dtype=float64)"
1,y2,"tf.Tensor(0.024008365401188142, shape=(), dtype=float64)"
2,y3,"tf.Tensor(0.02610430136512707, shape=(), dtype=float64)"
3,y4,"tf.Tensor(0.027067174300015474, shape=(), dtype=float64)"
4,y5,"tf.Tensor(0.026921306387906605, shape=(), dtype=float64)"
5,y6,"tf.Tensor(0.02656659109023475, shape=(), dtype=float64)"
6,y7,"tf.Tensor(0.027975812495375414, shape=(), dtype=float64)"
7,y8,"tf.Tensor(0.026754787589088266, shape=(), dtype=float64)"
8,y9,"tf.Tensor(0.027072096557145476, shape=(), dtype=float64)"
9,y10,"tf.Tensor(0.02517411702540759, shape=(), dtype=float64)"
10,y11,"tf.Tensor(0.02661328912607732, shape=(), dtype=float64)"
11,y12,"tf.Tensor(0.02399802937390648, shape=(), dtype=float64)"
12,y13,"tf.Tensor(0.02542988180663392, shape=(), dtype=float64)"
13,y14,"tf.Tensor(0.02602081654230553, shape=(), dtype=float64)"
14,y15,"tf.Tensor(0.02621504494353854, shape=(), dtype=float64)"
15,y16,"tf.Tensor(0.026893781849374607, shape=(), dtype=float64)"
16,y17,"tf.Tensor(0.027136465215343457, shape=(), dtype=float64)"
17,y18,"tf.Tensor(0.02610002487078776, shape=(), dtype=float64)"
18,y19,"tf.Tensor(0.026854495026251153, shape=(), dtype=float64)"
19,y20,"tf.Tensor(0.026672414009778184, shape=(), dtype=float64)"
20,y21,"tf.Tensor(0.02720610932551896, shape=(), dtype=float64)"
21,y22,"tf.Tensor(0.02692702332855894, shape=(), dtype=float64)"
22,y23,"tf.Tensor(0.025365818291110006, shape=(), dtype=float64)"
23,y24,"tf.Tensor(0.02608062455327849, shape=(), dtype=float64)"
24,y25,"tf.Tensor(0.025677817166857943, shape=(), dtype=float64)"
25,y26,"tf.Tensor(0.02580401114845854, shape=(), dtype=float64)"
26,y27,"tf.Tensor(0.025014262152685793, shape=(), dtype=float64)"
27,y28,"tf.Tensor(0.026606728688072734, shape=(), dtype=float64)"
28,y29,"tf.Tensor(0.025498715255615825, shape=(), dtype=float64)"
29,y30,"tf.Tensor(0.026436876432974495, shape=(), dtype=float64)"
30,y31,"tf.Tensor(0.026680419782757717, shape=(), dtype=float64)"
31,y32,"tf.Tensor(0.02565148464002908, shape=(), dtype=float64)"
32,y33,"tf.Tensor(0.02523080169334839, shape=(), dtype=float64)"
33,y34,"tf.Tensor(0.026361981813200694, shape=(), dtype=float64)"
34,y35,"tf.Tensor(0.02603217322517337, shape=(), dtype=float64)"
35,y36,"tf.Tensor(0.02538173369170842, shape=(), dtype=float64)"
36,y37,"tf.Tensor(0.027249493115195672, shape=(), dtype=float64)"
37,y38,"tf.Tensor(0.02767097779349957, shape=(), dtype=float64)"
38,y39,"tf.Tensor(0.027193860465899493, shape=(), dtype=float64)"
39,y40,"tf.Tensor(0.028088085417231227, shape=(), dtype=float64)"
40,y41,"tf.Tensor(0.02747397827578308, shape=(), dtype=float64)"
41,y42,"tf.Tensor(0.02648428460530694, shape=(), dtype=float64)"
42,y43,"tf.Tensor(0.02739936700067199, shape=(), dtype=float64)"
43,y44,"tf.Tensor(0.027953069611502922, shape=(), dtype=float64)"
44,y45,"tf.Tensor(0.027391569004217693, shape=(), dtype=float64)"
45,y46,"tf.Tensor(0.026192368678689633, shape=(), dtype=float64)"
46,y47,"tf.Tensor(0.028157946466504175, shape=(), dtype=float64)"
47,y48,"tf.Tensor(0.027221340264817925, shape=(), dtype=float64)"
48,y49,"tf.Tensor(0.02705415844940559, shape=(), dtype=float64)"
49,y50,"tf.Tensor(0.02670561386833282, shape=(), dtype=float64)"
50,y51,"tf.Tensor(0.028006648394718746, shape=(), dtype=float64)"
51,y52,"tf.Tensor(0.0274811713447088, shape=(), dtype=float64)"
52,y53,"tf.Tensor(0.028095615516423512, shape=(), dtype=float64)"
53,y54,"tf.Tensor(0.029010330549890925, shape=(), dtype=float64)"
54,y55,"tf.Tensor(0.028452470489981407, shape=(), dtype=float64)"
55,y56,"tf.Tensor(0.02924242425586017, shape=(), dtype=float64)"
56,y57,"tf.Tensor(0.028816856150550397, shape=(), dtype=float64)"
57,y58,"tf.Tensor(0.03047038497808665, shape=(), dtype=float64)"
58,y59,"tf.Tensor(0.030728573941926494, shape=(), dtype=float64)"
59,y60,"tf.Tensor(0.030087118411704306, shape=(), dtype=float64)"
60,y61,"tf.Tensor(0.029438291938409092, shape=(), dtype=float64)"
61,y62,"tf.Tensor(0.029269221862532786, shape=(), dtype=float64)"
62,y63,"tf.Tensor(0.029650580726490038, shape=(), dtype=float64)"
63,y64,"tf.Tensor(0.029941703215100857, shape=(), dtype=float64)"
64,y65,"tf.Tensor(0.0291427212568239, shape=(), dtype=float64)"
65,y66,"tf.Tensor(0.03056693618214082, shape=(), dtype=float64)"
66,y67,"tf.Tensor(0.028751159836444388, shape=(), dtype=float64)"
67,y68,"tf.Tensor(0.031108418409441667, shape=(), dtype=float64)"
68,y69,"tf.Tensor(0.031632238954603764, shape=(), dtype=float64)"
69,y70,"tf.Tensor(0.031913897585049145, shape=(), dtype=float64)"
70,y71,"tf.Tensor(0.03299670847288699, shape=(), dtype=float64)"
71,y72,"tf.Tensor(0.03505885949485586, shape=(), dtype=float64)"
72,y73,"tf.Tensor(0.035524237693154236, shape=(), dtype=float64)"
73,y74,"tf.Tensor(0.03520821554561239, shape=(), dtype=float64)"
74,y75,"tf.Tensor(0.03589977925800222, shape=(), dtype=float64)"
75,y76,"tf.Tensor(0.03702152503364556, shape=(), dtype=float64)"
76,y77,"tf.Tensor(0.035914555693088976, shape=(), dtype=float64)"
77,y78,"tf.Tensor(0.03524513702609253, shape=(), dtype=float64)"
78,y79,"tf.Tensor(0.036315624849995315, shape=(), dtype=float64)"
79,y80,"tf.Tensor(0.03652279103790458, shape=(), dtype=float64)"
80,y81,"tf.Tensor(0.03421329302515567, shape=(), dtype=float64)"
81,y82,"tf.Tensor(0.035231688219727095, shape=(), dtype=float64)"
82,y83,"tf.Tensor(0.03549612697527586, shape=(), dtype=float64)"
83,y84,"tf.Tensor(0.03554716359180589, shape=(), dtype=float64)"
84,y85,"tf.Tensor(0.0368571664348688, shape=(), dtype=float64)"
85,y86,"tf.Tensor(0.038391635527849265, shape=(), dtype=float64)"
86,y87,"tf.Tensor(0.038251334482008126, shape=(), dtype=float64)"
87,y88,"tf.Tensor(0.037107184955575793, shape=(), dtype=float64)"
88,y89,"tf.Tensor(0.03661976872925986, shape=(), dtype=float64)"
89,y90,"tf.Tensor(0.03798295888962018, shape=(), dtype=float64)"
90,y91,"tf.Tensor(0.0371058673232363, shape=(), dtype=float64)"
91,y92,"tf.Tensor(0.03667854550150661, shape=(), dtype=float64)"
92,y93,"tf.Tensor(0.03795630350665817, shape=(), dtype=float64)"
93,y94,"tf.Tensor(0.03887716244902254, shape=(), dtype=float64)"
94,y95,"tf.Tensor(0.03754352102997941, shape=(), dtype=float64)"
95,y96,"tf.Tensor(0.0389873569221676, shape=(), dtype=float64)"
96,y97,"tf.Tensor(0.03836797409603315, shape=(), dtype=float64)"
97,y98,"tf.Tensor(0.03891952439158807, shape=(), dtype=float64)"
98,y99,"tf.Tensor(0.03814922993529396, shape=(), dtype=float64)"
99,y100,"tf.Tensor(0.03740899726324018, shape=(), dtype=float64)"
100,y101,"tf.Tensor(0.03784801263744334, shape=(), dtype=float64)"
101,y102,"tf.Tensor(0.038298739075913454, shape=(), dtype=float64)"
102,y103,"tf.Tensor(0.037921646934049695, shape=(), dtype=float64)"
103,y104,"tf.Tensor(0.038238159404626576, shape=(), dtype=float64)"
104,y105,"tf.Tensor(0.037987425290136226, shape=(), dtype=float64)"
105,y106,"tf.Tensor(0.03825003361351272, shape=(), dtype=float64)"
106,y107,"tf.Tensor(0.036583784693463586, shape=(), dtype=float64)"
107,y108,"tf.Tensor(0.03775961173540652, shape=(), dtype=float64)"
108,y109,"tf.Tensor(0.037812292561767775, shape=(), dtype=float64)"
109,y110,"tf.Tensor(0.03636589679027953, shape=(), dtype=float64)"
110,y111,"tf.Tensor(0.037684657010976536, shape=(), dtype=float64)"
111,y112,"tf.Tensor(0.037284958173198476, shape=(), dtype=float64)"
112,y113,"tf.Tensor(0.03704120063424595, shape=(), dtype=float64)"
113,y114,"tf.Tensor(0.03763941281526938, shape=(), dtype=float64)"
114,y115,"tf.Tensor(0.03583506146450631, shape=(), dtype=float64)"
115,y116,"tf.Tensor(0.037811162523011366, shape=(), dtype=float64)"
116,y117,"tf.Tensor(0.03664541615787861, shape=(), dtype=float64)"
117,y118,"tf.Tensor(0.03650649212954707, shape=(), dtype=float64)"
118,y119,"tf.Tensor(0.0362492952869004, shape=(), dtype=float64)"
119,y120,"tf.Tensor(0.0377577801332918, shape=(), dtype=float64)"
120,y121,"tf.Tensor(0.03717941525439225, shape=(), dtype=float64)"
121,y122,"tf.Tensor(0.036832459178667565, shape=(), dtype=float64)"
122,y123,"tf.Tensor(0.037443092636308795, shape=(), dtype=float64)"
123,y124,"tf.Tensor(0.036825278278324144, shape=(), dtype=float64)"
124,y125,"tf.Tensor(0.03652748994160753, shape=(), dtype=float64)"
125,y126,"tf.Tensor(0.03455572170775419, shape=(), dtype=float64)"
126,y127,"tf.Tensor(0.03666701070959696, shape=(), dtype=float64)"
127,y128,"tf.Tensor(0.03527913282226956, shape=(), dtype=float64)"
128,y129,"tf.Tensor(0.03532584257353273, shape=(), dtype=float64)"
129,y130,"tf.Tensor(0.03434774794646828, shape=(), dtype=float64)"
130,y131,"tf.Tensor(0.03391465548015482, shape=(), dtype=float64)"
131,y132,"tf.Tensor(0.03443739991410225, shape=(), dtype=float64)"
132,y133,"tf.Tensor(0.032569348132013856, shape=(), dtype=float64)"
133,y134,"tf.Tensor(0.03195323230585521, shape=(), dtype=float64)"
134,y135,"tf.Tensor(0.03316966753038732, shape=(), dtype=float64)"
135,y136,"tf.Tensor(0.033417382148816385, shape=(), dtype=float64)"
136,y137,"tf.Tensor(0.03340925277713794, shape=(), dtype=float64)"
137,y138,"tf.Tensor(0.0348254090995115, shape=(), dtype=float64)"
138,y139,"tf.Tensor(0.035740859679358326, shape=(), dtype=float64)"
139,y140,"tf.Tensor(0.03549147092402508, shape=(), dtype=float64)"
140,y141,"tf.Tensor(0.036092804733850486, shape=(), dtype=float64)"
141,y142,"tf.Tensor(0.0364910240744732, shape=(), dtype=float64)"
142,y143,"tf.Tensor(0.03584463776592568, shape=(), dtype=float64)"
143,y144,"tf.Tensor(0.035632212920969256, shape=(), dtype=float64)"
144,y145,"tf.Tensor(0.036266813071850305, shape=(), dtype=float64)"
145,y146,"tf.Tensor(0.03627883057154558, shape=(), dtype=float64)"
146,y147,"tf.Tensor(0.036267211250030545, shape=(), dtype=float64)"
147,y148,"tf.Tensor(0.035953609090385176, shape=(), dtype=float64)"
148,y149,"tf.Tensor(0.0351453654226867, shape=(), dtype=float64)"
149,y150,"tf.Tensor(0.03435873667030781, shape=(), dtype=float64)"
150,y151,"tf.Tensor(0.03519240204187982, shape=(), dtype=float64)"
151,y152,"tf.Tensor(0.03521237140548267, shape=(), dtype=float64)"
152,y153,"tf.Tensor(0.033273932917595415, shape=(), dtype=float64)"
153,y154,"tf.Tensor(0.03462504177764533, shape=(), dtype=float64)"
154,y155,"tf.Tensor(0.033852431944938255, shape=(), dtype=float64)"
155,y156,"tf.Tensor(0.03311595497112707, shape=(), dtype=float64)"
156,y157,"tf.Tensor(0.03396530957106618, shape=(), dtype=float64)"
157,y158,"tf.Tensor(0.032833130336892946, shape=(), dtype=float64)"
158,y159,"tf.Tensor(0.03326417722159945, shape=(), dtype=float64)"
159,y160,"tf.Tensor(0.03395782899366223, shape=(), dtype=float64)"
160,y161,"tf.Tensor(0.034849692339552436, shape=(), dtype=float64)"
161,y162,"tf.Tensor(0.03533792497043044, shape=(), dtype=float64)"
162,y163,"tf.Tensor(0.03537758367009028, shape=(), dtype=float64)"
163,y164,"tf.Tensor(0.03513974522664625, shape=(), dtype=float64)"
164,y165,"tf.Tensor(0.03600783745423678, shape=(), dtype=float64)"
165,y166,"tf.Tensor(0.03482798074343642, shape=(), dtype=float64)"
166,y167,"tf.Tensor(0.03513538657631913, shape=(), dtype=float64)"
167,y168,"tf.Tensor(0.034244937856067845, shape=(), dtype=float64)"
168,y169,"tf.Tensor(0.033390756162347865, shape=(), dtype=float64)"
169,y170,"tf.Tensor(0.03214270686028911, shape=(), dtype=float64)"
170,y171,"tf.Tensor(0.032807020561082256, shape=(), dtype=float64)"
171,y172,"tf.Tensor(0.03343262530930222, shape=(), dtype=float64)"
172,y173,"tf.Tensor(0.03478529472943003, shape=(), dtype=float64)"
173,y174,"tf.Tensor(0.03220630791887842, shape=(), dtype=float64)"
174,y175,"tf.Tensor(0.033771040171613184, shape=(), dtype=float64)"
175,y176,"tf.Tensor(0.033193774580329585, shape=(), dtype=float64)"
176,y177,"tf.Tensor(0.03486516793550733, shape=(), dtype=float64)"
177,y178,"tf.Tensor(0.03321769146491527, shape=(), dtype=float64)"
178,y179,"tf.Tensor(0.03336894180615718, shape=(), dtype=float64)"
179,y180,"tf.Tensor(0.03296520394790492, shape=(), dtype=float64)"
180,y181,"tf.Tensor(0.03295808782824322, shape=(), dtype=float64)"
181,y182,"tf.Tensor(0.03366346662741394, shape=(), dtype=float64)"
182,y183,"tf.Tensor(0.031327976905982005, shape=(), dtype=float64)"
183,y184,"tf.Tensor(0.03249390514963123, shape=(), dtype=float64)"
184,y185,"tf.Tensor(0.03303523009801368, shape=(), dtype=float64)"
185,y186,"tf.Tensor(0.03277205074540575, shape=(), dtype=float64)"
186,y187,"tf.Tensor(0.031401477661658676, shape=(), dtype=float64)"
187,y188,"tf.Tensor(0.03323090332150745, shape=(), dtype=float64)"
188,y189,"tf.Tensor(0.033155566756961755, shape=(), dtype=float64)"
189,y190,"tf.Tensor(0.033016823503252815, shape=(), dtype=float64)"
190,y191,"tf.Tensor(0.03284514658013493, shape=(), dtype=float64)"
191,y192,"tf.Tensor(0.033343899919187556, shape=(), dtype=float64)"
192,y193,"tf.Tensor(0.03279790727541214, shape=(), dtype=float64)"
193,y194,"tf.Tensor(0.03240380688429739, shape=(), dtype=float64)"
194,y195,"tf.Tensor(0.03431687696097377, shape=(), dtype=float64)"
195,y196,"tf.Tensor(0.03320765069065768, shape=(), dtype=float64)"
196,y197,"tf.Tensor(0.03295833705191573, shape=(), dtype=float64)"
197,y198,"tf.Tensor(0.031946130020796756, shape=(), dtype=float64)"
198,y199,"tf.Tensor(0.03215788144516696, shape=(), dtype=float64)"
199,y200,"tf.Tensor(0.031689613152690393, shape=(), dtype=float64)"
200,y201,"tf.Tensor(0.030513650831779836, shape=(), dtype=float64)"
201,y202,"tf.Tensor(0.030545627143351704, shape=(), dtype=float64)"
202,y203,"tf.Tensor(0.030659824963714936, shape=(), dtype=float64)"
203,y204,"tf.Tensor(0.030880615231650123, shape=(), dtype=float64)"
204,y205,"tf.Tensor(0.031154269916349155, shape=(), dtype=float64)"
205,y206,"tf.Tensor(0.032025868354433704, shape=(), dtype=float64)"
206,y207,"tf.Tensor(0.0330879311560616, shape=(), dtype=float64)"
207,y208,"tf.Tensor(0.0315316734095364, shape=(), dtype=float64)"
208,y209,"tf.Tensor(0.0314688397612871, shape=(), dtype=float64)"
209,y210,"tf.Tensor(0.030319108674208027, shape=(), dtype=float64)"
210,y211,"tf.Tensor(0.03105528331485505, shape=(), dtype=float64)"
211,y212,"tf.Tensor(0.03134448403340467, shape=(), dtype=float64)"
212,y213,"tf.Tensor(0.03045670439505579, shape=(), dtype=float64)"
213,y214,"tf.Tensor(0.030735815773100857, shape=(), dtype=float64)"
214,y215,"tf.Tensor(0.0330716829722731, shape=(), dtype=float64)"
215,y216,"tf.Tensor(0.03204531192909054, shape=(), dtype=float64)"
216,y217,"tf.Tensor(0.03158413937734178, shape=(), dtype=float64)"
217,y218,"tf.Tensor(0.03247491549364635, shape=(), dtype=float64)"
218,y219,"tf.Tensor(0.03228451996319753, shape=(), dtype=float64)"
219,y220,"tf.Tensor(0.03176594620216651, shape=(), dtype=float64)"
220,y221,"tf.Tensor(0.03204155981328369, shape=(), dtype=float64)"
221,y222,"tf.Tensor(0.03463211568305071, shape=(), dtype=float64)"
222,y223,"tf.Tensor(0.0340116892757832, shape=(), dtype=float64)"
223,y224,"tf.Tensor(0.03220670337904819, shape=(), dtype=float64)"
224,y225,"tf.Tensor(0.0350393250084079, shape=(), dtype=float64)"
225,y226,"tf.Tensor(0.03443624251531234, shape=(), dtype=float64)"
226,y227,"tf.Tensor(0.035143012664442724, shape=(), dtype=float64)"
227,y228,"tf.Tensor(0.03375349512459158, shape=(), dtype=float64)"
228,y229,"tf.Tensor(0.032466738253430605, shape=(), dtype=float64)"
229,y230,"tf.Tensor(0.03458116441422425, shape=(), dtype=float64)"
230,y231,"tf.Tensor(0.03438454437604632, shape=(), dtype=float64)"
231,y232,"tf.Tensor(0.035232002575152827, shape=(), dtype=float64)"
232,y233,"tf.Tensor(0.036090049776658265, shape=(), dtype=float64)"
233,y234,"tf.Tensor(0.03785616314321205, shape=(), dtype=float64)"
234,y235,"tf.Tensor(0.03603645137005942, shape=(), dtype=float64)"
235,y236,"tf.Tensor(0.03811136919492725, shape=(), dtype=float64)"
236,y237,"tf.Tensor(0.03797439847427361, shape=(), dtype=float64)"
237,y238,"tf.Tensor(0.03692126276734131, shape=(), dtype=float64)"
238,y239,"tf.Tensor(0.03651683516087474, shape=(), dtype=float64)"
239,y240,"tf.Tensor(0.03820587661347946, shape=(), dtype=float64)"
240,y241,"tf.Tensor(0.03651862228632627, shape=(), dtype=float64)"
241,y242,"tf.Tensor(0.038628715258194335, shape=(), dtype=float64)"
242,y243,"tf.Tensor(0.03905934245857368, shape=(), dtype=float64)"
243,y244,"tf.Tensor(0.04116103673446532, shape=(), dtype=float64)"
244,y245,"tf.Tensor(0.040012878776806336, shape=(), dtype=float64)"
245,y246,"tf.Tensor(0.04091097252485451, shape=(), dtype=float64)"
246,y247,"tf.Tensor(0.0407899666012356, shape=(), dtype=float64)"
247,y248,"tf.Tensor(0.043085206214012337, shape=(), dtype=float64)"
248,y249,"tf.Tensor(0.043286408829472364, shape=(), dtype=float64)"
249,y250,"tf.Tensor(0.04176014087926024, shape=(), dtype=float64)"
250,y251,"tf.Tensor(0.04192486106994795, shape=(), dtype=float64)"
251,y252,"tf.Tensor(0.041293656021089406, shape=(), dtype=float64)"
252,y253,"tf.Tensor(0.04219916591189663, shape=(), dtype=float64)"
253,y254,"tf.Tensor(0.041240610768998195, shape=(), dtype=float64)"
254,y255,"tf.Tensor(0.04303676547328162, shape=(), dtype=float64)"
255,y256,"tf.Tensor(0.04165193747634917, shape=(), dtype=float64)"
256,y257,"tf.Tensor(0.041967405529533444, shape=(), dtype=float64)"
257,y258,"tf.Tensor(0.042444075565862494, shape=(), dtype=float64)"
258,y259,"tf.Tensor(0.042367722702581254, shape=(), dtype=float64)"
259,y260,"tf.Tensor(0.0432219696379101, shape=(), dtype=float64)"
260,y261,"tf.Tensor(0.042105927800097455, shape=(), dtype=float64)"
261,y262,"tf.Tensor(0.04244509583454846, shape=(), dtype=float64)"
262,y263,"tf.Tensor(0.043827759886515605, shape=(), dtype=float64)"
263,y264,"tf.Tensor(0.043665201745192395, shape=(), dtype=float64)"
264,y265,"tf.Tensor(0.04450527858898323, shape=(), dtype=float64)"
265,y266,"tf.Tensor(0.04282083876949047, shape=(), dtype=float64)"
266,y267,"tf.Tensor(0.04199719014798069, shape=(), dtype=float64)"
267,y268,"tf.Tensor(0.043138156080387735, shape=(), dtype=float64)"
268,y269,"tf.Tensor(0.04205344874895575, shape=(), dtype=float64)"
269,y270,"tf.Tensor(0.04059469336367337, shape=(), dtype=float64)"
270,y271,"tf.Tensor(0.04163952418246234, shape=(), dtype=float64)"
271,y272,"tf.Tensor(0.041216276706233325, shape=(), dtype=float64)"
272,y273,"tf.Tensor(0.04139665330884513, shape=(), dtype=float64)"
273,y274,"tf.Tensor(0.041242241349770614, shape=(), dtype=float64)"
274,y275,"tf.Tensor(0.040958452760379085, shape=(), dtype=float64)"
275,y276,"tf.Tensor(0.04195875876078652, shape=(), dtype=float64)"
276,y277,"tf.Tensor(0.04201194241545725, shape=(), dtype=float64)"
277,y278,"tf.Tensor(0.04226853732763218, shape=(), dtype=float64)"
278,y279,"tf.Tensor(0.04274320997094466, shape=(), dtype=float64)"
279,y280,"tf.Tensor(0.044032471606236634, shape=(), dtype=float64)"
280,y281,"tf.Tensor(0.04625110994288553, shape=(), dtype=float64)"
281,y282,"tf.Tensor(0.045908690961440485, shape=(), dtype=float64)"
282,y283,"tf.Tensor(0.04705743737338468, shape=(), dtype=float64)"
283,y284,"tf.Tensor(0.047160487411647696, shape=(), dtype=float64)"
284,y285,"tf.Tensor(0.048693832755649605, shape=(), dtype=float64)"
285,y286,"tf.Tensor(0.049119701698869596, shape=(), dtype=float64)"
286,y287,"tf.Tensor(0.04873062879561841, shape=(), dtype=float64)"
287,y288,"tf.Tensor(0.04924712458194014, shape=(), dtype=float64)"
288,y289,"tf.Tensor(0.04983593235508753, shape=(), dtype=float64)"
289,y290,"tf.Tensor(0.049086399529594135, shape=(), dtype=float64)"
290,y291,"tf.Tensor(0.051563401345191266, shape=(), dtype=float64)"
291,y292,"tf.Tensor(0.05018988717074563, shape=(), dtype=float64)"
292,y293,"tf.Tensor(0.05102537462740779, shape=(), dtype=float64)"
293,y294,"tf.Tensor(0.05173069415540332, shape=(), dtype=float64)"
294,y295,"tf.Tensor(0.04957738726794352, shape=(), dtype=float64)"
295,y296,"tf.Tensor(0.05267880282592813, shape=(), dtype=float64)"
296,y297,"tf.Tensor(0.05123280138997047, shape=(), dtype=float64)"
297,y298,"tf.Tensor(0.05334627782764758, shape=(), dtype=float64)"
298,y299,"tf.Tensor(0.05306438449698593, shape=(), dtype=float64)"
299,y300,"tf.Tensor(0.05303803036011781, shape=(), dtype=float64)"
300,y301,"tf.Tensor(0.052739712330078264, shape=(), dtype=float64)"
301,y302,"tf.Tensor(0.0541875107384195, shape=(), dtype=float64)"
302,y303,"tf.Tensor(0.05394748849696809, shape=(), dtype=float64)"
303,y304,"tf.Tensor(0.05474091576645893, shape=(), dtype=float64)"
304,y305,"tf.Tensor(0.05510057431510006, shape=(), dtype=float64)"
305,y306,"tf.Tensor(0.056110568441907316, shape=(), dtype=float64)"
306,y307,"tf.Tensor(0.056858101291116916, shape=(), dtype=float64)"
307,y308,"tf.Tensor(0.056684567787421675, shape=(), dtype=float64)"
308,y309,"tf.Tensor(0.05555074931832317, shape=(), dtype=float64)"
309,y310,"tf.Tensor(0.05700335304101818, shape=(), dtype=float64)"
310,y311,"tf.Tensor(0.058478637703659075, shape=(), dtype=float64)"
311,y312,"tf.Tensor(0.05918034276288422, shape=(), dtype=float64)"
312,y313,"tf.Tensor(0.06064074364930484, shape=(), dtype=float64)"
313,y314,"tf.Tensor(0.061207760310261636, shape=(), dtype=float64)"
314,y315,"tf.Tensor(0.0608829163197198, shape=(), dtype=float64)"
315,y316,"tf.Tensor(0.0627423531298221, shape=(), dtype=float64)"
316,y317,"tf.Tensor(0.06330790484705656, shape=(), dtype=float64)"
317,y318,"tf.Tensor(0.06461969059468956, shape=(), dtype=float64)"
318,y319,"tf.Tensor(0.06494729564991222, shape=(), dtype=float64)"
319,y320,"tf.Tensor(0.06249086985914083, shape=(), dtype=float64)"
320,y321,"tf.Tensor(0.06508942751460156, shape=(), dtype=float64)"
321,y322,"tf.Tensor(0.06519250723994673, shape=(), dtype=float64)"
322,y323,"tf.Tensor(0.06721926581828017, shape=(), dtype=float64)"
323,y324,"tf.Tensor(0.06667200405235843, shape=(), dtype=float64)"
324,y325,"tf.Tensor(0.0676384243300667, shape=(), dtype=float64)"
325,y326,"tf.Tensor(0.06718903464075462, shape=(), dtype=float64)"
326,y327,"tf.Tensor(0.06836656567885681, shape=(), dtype=float64)"
327,y328,"tf.Tensor(0.06955088441614646, shape=(), dtype=float64)"
328,y329,"tf.Tensor(0.07091698512763998, shape=(), dtype=float64)"
329,y330,"tf.Tensor(0.07000488019428622, shape=(), dtype=float64)"
330,y331,"tf.Tensor(0.07030970010153736, shape=(), dtype=float64)"
331,y332,"tf.Tensor(0.07232255018224563, shape=(), dtype=float64)"
332,y333,"tf.Tensor(0.07291483442896263, shape=(), dtype=float64)"
333,y334,"tf.Tensor(0.07261488582940603, shape=(), dtype=float64)"
334,y335,"tf.Tensor(0.07322279537808918, shape=(), dtype=float64)"
335,y336,"tf.Tensor(0.07369495082860572, shape=(), dtype=float64)"
336,y337,"tf.Tensor(0.07296493637333518, shape=(), dtype=float64)"
337,y338,"tf.Tensor(0.07278037600171541, shape=(), dtype=float64)"
338,y339,"tf.Tensor(0.07048027169674828, shape=(), dtype=float64)"
339,y340,"tf.Tensor(0.07106059990584199, shape=(), dtype=float64)"
340,y341,"tf.Tensor(0.07043520034242928, shape=(), dtype=float64)"
341,y342,"tf.Tensor(0.07041198294078162, shape=(), dtype=float64)"
342,y343,"tf.Tensor(0.07073148202403813, shape=(), dtype=float64)"
343,y344,"tf.Tensor(0.07090406647124751, shape=(), dtype=float64)"
344,y345,"tf.Tensor(0.07002861225822406, shape=(), dtype=float64)"
345,y346,"tf.Tensor(0.06988531605745874, shape=(), dtype=float64)"
346,y347,"tf.Tensor(0.07009534933184103, shape=(), dtype=float64)"
347,y348,"tf.Tensor(0.0704174382968296, shape=(), dtype=float64)"
348,y349,"tf.Tensor(0.07005978142949251, shape=(), dtype=float64)"
349,y350,"tf.Tensor(0.07158349254500565, shape=(), dtype=float64)"
350,y351,"tf.Tensor(0.0703487677626373, shape=(), dtype=float64)"
351,y352,"tf.Tensor(0.0694580980906451, shape=(), dtype=float64)"
352,y353,"tf.Tensor(0.06954074305659794, shape=(), dtype=float64)"
353,y354,"tf.Tensor(0.06922289481410793, shape=(), dtype=float64)"
354,y355,"tf.Tensor(0.06827885375382152, shape=(), dtype=float64)"
355,y356,"tf.Tensor(0.06743988453655408, shape=(), dtype=float64)"
356,y357,"tf.Tensor(0.06496589980551436, shape=(), dtype=float64)"
357,y358,"tf.Tensor(0.06264540867012715, shape=(), dtype=float64)"
358,y359,"tf.Tensor(0.06348050048565984, shape=(), dtype=float64)"
359,y360,"tf.Tensor(0.0610066653761957, shape=(), dtype=float64)"
360,y361,"tf.Tensor(0.06087612169323098, shape=(), dtype=float64)"
361,y362,"tf.Tensor(0.06114223936170468, shape=(), dtype=float64)"
362,y363,"tf.Tensor(0.06156716222535906, shape=(), dtype=float64)"
363,y364,"tf.Tensor(0.06041398019098941, shape=(), dtype=float64)"
364,y365,"tf.Tensor(0.059977930795906464, shape=(), dtype=float64)"
365,y366,"tf.Tensor(0.06127307212225622, shape=(), dtype=float64)"
366,y367,"tf.Tensor(0.060942670336118346, shape=(), dtype=float64)"
367,y368,"tf.Tensor(0.060002238129321525, shape=(), dtype=float64)"
368,y369,"tf.Tensor(0.05998533532325117, shape=(), dtype=float64)"
369,y370,"tf.Tensor(0.05923704416499832, shape=(), dtype=float64)"
370,y371,"tf.Tensor(0.05818654228177456, shape=(), dtype=float64)"
371,y372,"tf.Tensor(0.057837926121422245, shape=(), dtype=float64)"
372,y373,"tf.Tensor(0.057684178563942166, shape=(), dtype=float64)"
373,y374,"tf.Tensor(0.05827638814833448, shape=(), dtype=float64)"
374,y375,"tf.Tensor(0.058974356431611016, shape=(), dtype=float64)"
375,y376,"tf.Tensor(0.05930332411303289, shape=(), dtype=float64)"
376,y377,"tf.Tensor(0.05823950169306094, shape=(), dtype=float64)"
377,y378,"tf.Tensor(0.057211599353063004, shape=(), dtype=float64)"
378,y379,"tf.Tensor(0.05826842638253406, shape=(), dtype=float64)"
379,y380,"tf.Tensor(0.05717455782266036, shape=(), dtype=float64)"
380,y381,"tf.Tensor(0.05596417899268731, shape=(), dtype=float64)"
381,y382,"tf.Tensor(0.0563196536797972, shape=(), dtype=float64)"
382,y383,"tf.Tensor(0.05609969884911391, shape=(), dtype=float64)"
383,y384,"tf.Tensor(0.058094044751175564, shape=(), dtype=float64)"
384,y385,"tf.Tensor(0.05814780254851626, shape=(), dtype=float64)"
385,y386,"tf.Tensor(0.05692816381342278, shape=(), dtype=float64)"
386,y387,"tf.Tensor(0.05591533623239317, shape=(), dtype=float64)"
387,y388,"tf.Tensor(0.05555673278404403, shape=(), dtype=float64)"
388,y389,"tf.Tensor(0.05637957186833059, shape=(), dtype=float64)"
389,y390,"tf.Tensor(0.05509165279445509, shape=(), dtype=float64)"
390,y391,"tf.Tensor(0.05528947413327052, shape=(), dtype=float64)"
391,y392,"tf.Tensor(0.05439763808852046, shape=(), dtype=float64)"
392,y393,"tf.Tensor(0.052744432930291046, shape=(), dtype=float64)"
393,y394,"tf.Tensor(0.05274045243040845, shape=(), dtype=float64)"
394,y395,"tf.Tensor(0.05198285847301135, shape=(), dtype=float64)"
395,y396,"tf.Tensor(0.05327396866466143, shape=(), dtype=float64)"
396,y397,"tf.Tensor(0.051706535436338706, shape=(), dtype=float64)"
397,y398,"tf.Tensor(0.050758424217172055, shape=(), dtype=float64)"
398,y399,"tf.Tensor(0.05101261443191062, shape=(), dtype=float64)"
399,y400,"tf.Tensor(0.050647090837442024, shape=(), dtype=float64)"
400,y401,"tf.Tensor(0.048007229086722045, shape=(), dtype=float64)"
401,y402,"tf.Tensor(0.04800364775512806, shape=(), dtype=float64)"
402,y403,"tf.Tensor(0.04972972059486593, shape=(), dtype=float64)"
403,y404,"tf.Tensor(0.047964147764066364, shape=(), dtype=float64)"
404,y405,"tf.Tensor(0.04851438171058306, shape=(), dtype=float64)"
405,y406,"tf.Tensor(0.04669246592785338, shape=(), dtype=float64)"
406,y407,"tf.Tensor(0.047064345839890866, shape=(), dtype=float64)"
407,y408,"tf.Tensor(0.04685838383845865, shape=(), dtype=float64)"
408,y409,"tf.Tensor(0.0446169770190316, shape=(), dtype=float64)"
409,y410,"tf.Tensor(0.044695445390003516, shape=(), dtype=float64)"
410,y411,"tf.Tensor(0.045011903781814355, shape=(), dtype=float64)"
411,y412,"tf.Tensor(0.0450005544072191, shape=(), dtype=float64)"
412,y413,"tf.Tensor(0.0449350452628096, shape=(), dtype=float64)"
413,y414,"tf.Tensor(0.04636167317151936, shape=(), dtype=float64)"
414,y415,"tf.Tensor(0.044042755063169056, shape=(), dtype=float64)"
415,y416,"tf.Tensor(0.04571706843985371, shape=(), dtype=float64)"
416,y417,"tf.Tensor(0.045978850439102395, shape=(), dtype=float64)"
417,y418,"tf.Tensor(0.046169445298092665, shape=(), dtype=float64)"
418,y419,"tf.Tensor(0.04787410840739004, shape=(), dtype=float64)"
419,y420,"tf.Tensor(0.04593478782701185, shape=(), dtype=float64)"
420,y421,"tf.Tensor(0.04759215189356891, shape=(), dtype=float64)"
421,y422,"tf.Tensor(0.04513292401433584, shape=(), dtype=float64)"
422,y423,"tf.Tensor(0.04568119926877444, shape=(), dtype=float64)"
423,y424,"tf.Tensor(0.045450321221343806, shape=(), dtype=float64)"
424,y425,"tf.Tensor(0.04690138798348209, shape=(), dtype=float64)"
425,y426,"tf.Tensor(0.04556388498802841, shape=(), dtype=float64)"
426,y427,"tf.Tensor(0.04369133843878807, shape=(), dtype=float64)"
427,y428,"tf.Tensor(0.048312238802678195, shape=(), dtype=float64)"
428,y429,"tf.Tensor(0.04699784292588183, shape=(), dtype=float64)"
429,y430,"tf.Tensor(0.045924481136062775, shape=(), dtype=float64)"
430,y431,"tf.Tensor(0.046883814054951206, shape=(), dtype=float64)"
431,y432,"tf.Tensor(0.049211392090184256, shape=(), dtype=float64)"
432,y433,"tf.Tensor(0.04700180622752084, shape=(), dtype=float64)"
433,y434,"tf.Tensor(0.04720067423173173, shape=(), dtype=float64)"
434,y435,"tf.Tensor(0.04858988745896195, shape=(), dtype=float64)"
435,y436,"tf.Tensor(0.048562307717952724, shape=(), dtype=float64)"
436,y437,"tf.Tensor(0.04657729566854303, shape=(), dtype=float64)"
437,y438,"tf.Tensor(0.05041968402052538, shape=(), dtype=float64)"
438,y439,"tf.Tensor(0.05008687030454917, shape=(), dtype=float64)"
439,y440,"tf.Tensor(0.05026213041803093, shape=(), dtype=float64)"
440,y441,"tf.Tensor(0.04716624129797475, shape=(), dtype=float64)"
441,y442,"tf.Tensor(0.050052243851667746, shape=(), dtype=float64)"
442,y443,"tf.Tensor(0.050885931201251136, shape=(), dtype=float64)"
443,y444,"tf.Tensor(0.05041726418148449, shape=(), dtype=float64)"
444,y445,"tf.Tensor(0.05080056010812331, shape=(), dtype=float64)"
445,y446,"tf.Tensor(0.05009167537146224, shape=(), dtype=float64)"
446,y447,"tf.Tensor(0.04933544448756798, shape=(), dtype=float64)"
447,y448,"tf.Tensor(0.0483425364435124, shape=(), dtype=float64)"
448,y449,"tf.Tensor(0.04551494030460404, shape=(), dtype=float64)"
449,y450,"tf.Tensor(0.04580590157076916, shape=(), dtype=float64)"
450,y451,"tf.Tensor(0.04698613662447326, shape=(), dtype=float64)"
451,y452,"tf.Tensor(0.04615348101014424, shape=(), dtype=float64)"
452,y453,"tf.Tensor(0.045035585091608724, shape=(), dtype=float64)"
453,y454,"tf.Tensor(0.044612689520558635, shape=(), dtype=float64)"
454,y455,"tf.Tensor(0.04311136013580906, shape=(), dtype=float64)"
455,y456,"tf.Tensor(0.042747589800252825, shape=(), dtype=float64)"
456,y457,"tf.Tensor(0.04088542535263535, shape=(), dtype=float64)"
457,y458,"tf.Tensor(0.04236592892990867, shape=(), dtype=float64)"
458,y459,"tf.Tensor(0.03982354562513893, shape=(), dtype=float64)"
459,y460,"tf.Tensor(0.04104540795931702, shape=(), dtype=float64)"
460,y461,"tf.Tensor(0.041880549299725886, shape=(), dtype=float64)"
461,y462,"tf.Tensor(0.04248171460099666, shape=(), dtype=float64)"
462,y463,"tf.Tensor(0.04082799577292409, shape=(), dtype=float64)"
463,y464,"tf.Tensor(0.04135359881175997, shape=(), dtype=float64)"
464,y465,"tf.Tensor(0.041654721430339436, shape=(), dtype=float64)"
465,y466,"tf.Tensor(0.04226378902319327, shape=(), dtype=float64)"
466,y467,"tf.Tensor(0.03959194068445501, shape=(), dtype=float64)"
467,y468,"tf.Tensor(0.03971291027637913, shape=(), dtype=float64)"
468,y469,"tf.Tensor(0.041626783893634986, shape=(), dtype=float64)"
469,y470,"tf.Tensor(0.04014283022752112, shape=(), dtype=float64)"
470,y471,"tf.Tensor(0.039466366734706, shape=(), dtype=float64)"
471,y472,"tf.Tensor(0.038732253721596985, shape=(), dtype=float64)"
472,y473,"tf.Tensor(0.039714356396936525, shape=(), dtype=float64)"
473,y474,"tf.Tensor(0.03901360187181554, shape=(), dtype=float64)"
474,y475,"tf.Tensor(0.039873601960845675, shape=(), dtype=float64)"
475,y476,"tf.Tensor(0.03959965809037733, shape=(), dtype=float64)"
476,y477,"tf.Tensor(0.04061795649616984, shape=(), dtype=float64)"
477,y478,"tf.Tensor(0.03981391394195861, shape=(), dtype=float64)"
478,y479,"tf.Tensor(0.039839892005007926, shape=(), dtype=float64)"
479,y480,"tf.Tensor(0.040996192765627035, shape=(), dtype=float64)"
480,y481,"tf.Tensor(0.03894306648309094, shape=(), dtype=float64)"
481,y482,"tf.Tensor(0.04268355795964276, shape=(), dtype=float64)"
482,y483,"tf.Tensor(0.0407024587911706, shape=(), dtype=float64)"
483,y484,"tf.Tensor(0.04290405289189533, shape=(), dtype=float64)"
484,y485,"tf.Tensor(0.04086323777403335, shape=(), dtype=float64)"
485,y486,"tf.Tensor(0.03956363423994579, shape=(), dtype=float64)"
486,y487,"tf.Tensor(0.040530030566579, shape=(), dtype=float64)"
487,y488,"tf.Tensor(0.04041980527417172, shape=(), dtype=float64)"
488,y489,"tf.Tensor(0.040099901756527834, shape=(), dtype=float64)"
489,y490,"tf.Tensor(0.03960767553286695, shape=(), dtype=float64)"
490,y491,"tf.Tensor(0.04017848983149008, shape=(), dtype=float64)"
491,y492,"tf.Tensor(0.04012344954557929, shape=(), dtype=float64)"
492,y493,"tf.Tensor(0.038210316834214456, shape=(), dtype=float64)"
493,y494,"tf.Tensor(0.03998095637923253, shape=(), dtype=float64)"
494,y495,"tf.Tensor(0.04088350606224299, shape=(), dtype=float64)"
495,y496,"tf.Tensor(0.04027461422493367, shape=(), dtype=float64)"
496,y497,"tf.Tensor(0.03963495312857132, shape=(), dtype=float64)"
497,y498,"tf.Tensor(0.04382283412125364, shape=(), dtype=float64)"
498,y499,"tf.Tensor(0.041885003721120084, shape=(), dtype=float64)"
499,y500,"tf.Tensor(0.041644020274652235, shape=(), dtype=float64)"
